'Mikayla', 'Downs', '1-954-970-1794', 'rhoncus.Donec.est@fermentumvelmauris.edu', 'Ap #951-5109 In Avenue', 'Montelíbano', 'Laos', 37787
'Remedios', 'Gilmore', '1-689-582-8410', 'Integer.vitae@vitae.net', 'P.O. Box 410 1573 Consectetuer St.', 'Medicine Hat', 'Tajikistan', 22222
'Reece', 'Wolf', '1-701-425-6982', 'imperdiet@turpisAliquam.ca', '4630 Aliquam St.', 'Bridgeport', 'Kyrgyzstan', 69707
'Summer', 'Welch', '1-194-751-2126', 'hendrerit.Donec.porttitor@felisadipiscing.org', 'P.O. Box 728 6772 Curabitur Road', 'Hamme', 'Curaçao', 46566
'Paul', 'Gilmore', '1-138-371-6693', 'non@tinciduntcongueturpis.org', 'P.O. Box 843 9238 Morbi Road', 'Bras', 'Armenia', 85222
'Nell', 'Davidson', '1-667-661-5015', 'nonummy.ipsum@euodiotristique.net', '534-7387 Nunc Road', 'Nuraminis', 'Paraguay', 21859
'Xanthus', 'Hoover', '1-245-818-5712', 'risus.Quisque@nequeNullam.com', 'Ap #886-3093 Sit St.', 'Le Petit-Quevilly', 'Antigua and Barbuda', 63254
'Piper', 'Dyer', '1-547-234-0074', 'nunc@aliquetProin.org', '2485 Et Av.', 'Asbestos', 'Zimbabwe', 19911
'Marsden', 'Sweet', '1-343-111-5100', 'Vivamus@purus.edu', '965-3286 Sit Street', 'Viernheim', 'Madagascar', 04556
'Felicia', 'Parker', '1-720-166-0576', 'non@DuisgravidaPraesent.net', 'P.O. Box 819 8187 Donec St.', 'Gellik', 'Syria', 55380
'Dylan', 'Vaughan', '1-489-889-4770', 'cursus@lobortisquis.com', '252-7130 Tortor Rd.', 'Fraser-Fort George', 'South Africa', 41043
'Quamar', 'Moss', '1-247-719-4644', 'ornare.placerat@pede.co.uk', 'P.O. Box 685 8107 Nisl. Av.', 'Florenville', 'Bulgaria', 44791
'Shelley', 'Long', '1-535-601-2818', 'tempus.risus.Donec@quislectusNullam.co.uk', '524-1152 Aliquam Rd.', 'Habay', 'Tuvalu', 91521
'Dacey', 'Haley', '1-934-788-9638', 'feugiat.nec@Aeneaneget.com', '859-1360 Hendrerit St.', 'El Monte', 'Panama', 01455
'Doris', 'Bean', '1-223-820-3778', 'velit.Sed.malesuada@eu.edu', '3408 Donec St.', 'Halifax', 'Brunei', 76764
'Benjamin', 'Graves', '1-434-320-4268', 'ipsum.dolor@pharetra.org', 'P.O. Box 979 7925 Odio Avenue', 'Medea', 'Romania', 29659
'Jael', 'Landry', '1-408-515-3807', 'eros@laciniaorci.net', '5290 Aliquam Avenue', 'Jinju', 'Cambodia', 64713
'Scarlett', 'Moore', '1-421-201-9050', 'Fusce.aliquam@accumsan.net', 'Ap #552-4067 Cras Rd.', 'Celaya', 'United States', 01467
'Sopoline', 'Freeman', '1-530-220-1645', 'Donec.tempor@risusquisdiam.co.uk', '4694 Amet Av.', 'Altidona', 'Bouvet Island', 81315
'Dolan', 'Head', '1-312-200-5272', 'urna@enim.org', '4309 Morbi Street', 'Bottidda', 'Thailand', 54666
'Ora', 'Cummings', '1-146-482-9274', 'diam.lorem@metusAliquam.ca', 'Ap #854-4582 Quisque Rd.', 's Herenelderen', 'Costa Rica', 96955
'Olivia', 'Martin', '1-607-875-7528', 'in.felis.Nulla@bibendumullamcorper.org', '"P.O. Box 927 4559 Donec Ave"', 'Sorbo Serpico', 'Cayman Islands', 49105
'Lani', 'Moreno', '1-338-391-5175', 'vitae.sodales@penatibuset.org', '672-312 Convallis Rd.', 'White Rock', 'Anguilla', 44351
'Melissa', 'Harmon', '1-868-658-9787', 'est@sagittis.com', '312-4713 Nunc Av.', 'Jandrain-Jandrenouille', 'Syria', 42029
'Remedios', 'Stafford', '1-537-390-0923', 'cursus.Integer.mollis@ut.net', 'P.O. Box 506 4163 Pede Ave', 'Melle', 'Barbados', 93511
'George', 'Dickson', '1-192-824-6606', 'Integer@egestasAliquam.co.uk', 'Ap #546-2426 At Avenue', 'Macul', 'Chile', 25548
'Nasim', 'Herman', '1-773-146-2909', 'lectus@anteipsumprimis.com', '158-4580 Et Rd.', 'Tramutola', 'Saint Barthélemy', 19597
'Hector', 'Bennett', '1-208-534-0777', 'ut.aliquam.iaculis@ametultriciessem.com', 'P.O. Box 328 1526 Fusce Av.', 'Beaumaris', 'Mayen Islands', 38123
'Maite', 'Griffith', '1-481-419-0136', 'tristique.neque@dictumeleifend.org', '3192 Mauris Road', 'Ibagué', 'Cuba', 89665
'Keane', 'Chambers', '1-780-378-1404', 'luctus.felis@volutpat.com', 'P.O. Box 396 4787 Pede. Ave', 'Neath', 'Heard Island', 60818