first_name, last_name, phone, email, street, city, state, zip_code
Mikayla, Downs, 1-954-970-1794, rhoncus.Donec.est@fermentumvelmauris.edu, Ap #951-5109 In Avenue, Montelíbano, Laos, 3787
Remedios, Gilmore, 1-689-582-8410, Integer.vitae@vitae.net, "P.O. Box 410, 1573 Consectetuer St.", Medicine Hat, Tajikistan, RH8 2SC
Reece, Wolf, 1-701-425-6982, imperdiet@turpisAliquam.ca, 4630 Aliquam St., Bridgeport, Kyrgyzstan, 69707
Summer, Welch, 1-194-751-2126, hendrerit.Donec.porttitor@felisadipiscing.org, "P.O. Box 728, 6772 Curabitur Road", Hamme, Curaçao, H0G 2J6
Paul, Gilmore, 1-138-371-6693, non@tinciduntcongueturpis.org, "P.O. Box 843, 9238 Morbi Road", Bras, Armenia, 3852
Nell, Davidson, 1-667-661-5015, nonummy.ipsum@euodiotristique.net, 534-7387 Nunc Road, Nuraminis, Paraguay, 213859
Xanthus, Hoover, 1-245-818-5712, risus.Quisque@nequeNullam.com, Ap #886-3093 Sit St., Le Petit-Quevilly, Antigua and Barbuda, 63254
Piper, Dyer, 1-547-234-0074, nunc@aliquetProin.org, 2485 Et Av., Asbestos, Zimbabwe, 1991
Marsden, Sweet, 1-343-111-5100, Vivamus@purus.edu, 965-3286 Sit Street, Viernheim, Madagascar, 04556-919
Felicia, Parker, 1-720-166-0576, non@DuisgravidaPraesent.net, "P.O. Box 819, 8187 Donec St.", Gellik, Syria, 55380
Dylan, Vaughan, 1-489-889-4770, cursus@lobortisquis.com, 252-7130 Tortor Rd., Fraser-Fort George, South Africa, 43141-074
Quamar, Moss, 1-247-719-4644, ornare.placerat@pede.co.uk, "P.O. Box 685, 8107 Nisl. Av.", Florenville, Bulgaria, 44-739
Shelley, Long, 1-535-601-2818, tempus.risus.Donec@quislectusNullam.co.uk, "524-1152 Aliquam, Rd.", Habay, Tuvalu, 91521
Dacey, Haley, 1-934-788-9638, feugiat.nec@Aeneaneget.com, 859-1360 Hendrerit St., El Monte, Panama, 051455
Doris, Bean, 1-223-820-3778, velit.Sed.malesuada@eu.edu, 3408 Donec St., Halifax, Brunei, 767648
Benjamin, Graves, 1-434-320-4268, ipsum.dolor@pharetra.org, "P.O. Box 979, 7925 Odio Avenue", Medea, Romania, 29659
Jael, Landry, 1-408-515-3807, eros@laciniaorci.net, 5290 Aliquam Avenue, Jinju, Cambodia, 64-713
Scarlett, Moore, 1-421-201-9050, Fusce.aliquam@accumsan.net, Ap #552-4067 Cras Rd., Celaya, United States Minor Outlying Islands, 01467
Sopoline, Freeman, 1-530-220-1645, Donec.tempor@risusquisdiam.co.uk, "4694 Amet, Av.", Altidona, Bouvet Island, Z1315
Dolan, Head, 1-312-200-5272, urna@enim.org, 4309 Morbi Street, Bottidda, Thailand, X4L 6TC
Ora, Cummings, 1-146-482-9274, diam.lorem@metusAliquam.ca, Ap #854-4582 Quisque Rd., s Herenelderen, Costa Rica, 9695
Olivia, Martin, 1-607-875-7528, in.felis.Nulla@bibendumullamcorper.org, "P.O. Box 927, 4559 Donec Ave", Sorbo Serpico, Cayman Islands, 49105
Lani, Moreno, 1-338-391-5175, vitae.sodales@penatibuset.org, 672-312 Convallis Rd., White Rock, Anguilla, 9435
Melissa, Harmon, 1-868-658-9787, est@sagittis.com, 312-4713 Nunc Av., Jandrain-Jandrenouille, Syria, 42029
Remedios, Stafford, 1-537-390-0923, cursus.Integer.mollis@ut.net, "P.O. Box 506, 4163 Pede Ave", Melle, Barbados, 935411
George, Dickson, 1-192-824-6606, Integer@egestasAliquam.co.uk, Ap #546-2426 At Avenue, Macul, Chile, 2548
Nasim, Herman, 1-773-146-2909, lectus@anteipsumprimis.com, 158-4580 Et Rd., Tramutola, Saint Barthélemy, 19597
Hector, Bennett, 1-208-534-0777, ut.aliquam.iaculis@ametultriciessem.com, "P.O. Box 328, 1526 Fusce Av.", Beaumaris, Svalbard and Jan Mayen Islands, 3813 BJ
Maite, Griffith, 1-481-419-0136, tristique.neque@dictumeleifend.org, 3192 Mauris Road, Ibagué, Cuba, 89665-36774
Keane, Chambers, 1-780-378-1404, luctus.felis@volutpat.com, "P.O. Box 396, 4787 Pede. Ave", Neath, Heard Island and Mcdonald Islands, 605818
Wilma, Sandoval, 1-880-410-3111, Mauris@vestibulum.org, Ap #899-289 Luctus Street, Armento, Jamaica, 19271
Iola, Ware, 1-878-360-6278, dolor.sit.amet@disparturientmontes.com, 8651 A Rd., Saskatoon, Malawi, 5872
Jillian, Mcconnell, 1-843-562-8719, lacus.varius.et@antelectus.com, "P.O. Box 272, 2535 Enim. Ave", Alingsås, Venezuela, 96158
Odette, Kirkland, 1-930-198-2174, non@vitaeerat.ca, 592-1533 Mauris Street, Fairbanks, Thailand, 41297-63749
Nasim, Thompson, 1-536-296-4386, consectetuer.adipiscing.elit@nequevitae.net, "4462 Purus, Av.", Beez, Slovenia, 21753
Aileen, Sawyer, 1-847-345-6440, a.auctor@semperrutrumFusce.ca, "P.O. Box 295, 9955 Amet Ave", Uribia, China, 637564
Alec, Parks, 1-156-677-5223, sagittis@ipsumdolor.co.uk, 512-6626 Fusce Ave, Blagoveshchensk, Armenia, 099475
Jane, Holland, 1-165-560-8436, urna.justo@iaculislacuspede.edu, 902-509 Quam Av., Gambolò, Portugal, 50083
Amal, Potter, 1-917-717-0859, ridiculus@elitCurabitursed.edu, "P.O. Box 900, 4600 Posuere, St.", Ñuñoa, French Guiana, 60410
Beck, Wolf, 1-607-379-3064, Maecenas.ornare.egestas@amet.edu, "P.O. Box 144, 4295 Donec Road", Santarcangelo di Romagna, Slovakia, 21401
Vance, Buckley, 1-878-872-2667, Curae.Phasellus.ornare@quamvel.net, Ap #437-2471 Sed Av., Wigtown, Malta, 09693
Tara, Cotton, 1-371-948-3684, iaculis.enim@Nunc.edu, Ap #513-5201 Vivamus Road, Kraków, Montenegro, 34806
William, Harmon, 1-984-993-0587, vitae.risus.Duis@ultricesmaurisipsum.co.uk, "P.O. Box 854, 466 Ultrices St.", Berg, Saint Lucia, 88614
Joel, Puckett, 1-870-923-7465, in@est.net, "P.O. Box 173, 9244 Sit Av.", Malle, Norfolk Island, 7524
Ronan, Dennis, 1-595-694-7472, scelerisque.dui@aaliquetvel.com, Ap #314-2273 Integer Ave, Wilmont, Guadeloupe, YJ65 4AC
Thaddeus, Acevedo, 1-243-659-0433, erat.semper.rutrum@egetipsum.ca, Ap #195-7443 Enim. Rd., Modena, Bahrain, 4153
Ella, Mcgowan, 1-869-482-1229, felis@elitNullafacilisi.edu, "P.O. Box 664, 6233 Ullamcorper, Avenue", Düsseldorf, Aruba, 57512
Finn, Poole, 1-286-860-1499, sapien.Aenean.massa@congueelit.co.uk, Ap #944-9543 Velit Av., New Plymouth, Saudi Arabia, 04294
Sebastian, Clark, 1-625-797-6831, Suspendisse.ac.metus@Proindolor.co.uk, 4294 Sed Street, Bogotá, Albania, 46732
Aidan, Becker, 1-571-264-8407, enim@turpisIncondimentum.net, Ap #778-5483 Lobortis Avenue, Napier, Kazakhstan, 82934-00401
Samuel, Hurley, 1-187-229-9324, convallis.est@velvenenatisvel.co.uk, 2714 Sed Rd., Roio del Sangro, Liechtenstein, 19565
Beck, Beck, 1-862-653-2606, turpis.egestas.Aliquam@arcuSedet.org, Ap #993-4292 Orci Road, Esneux, Holy See (Vatican City State), 493445
Ila, Trujillo, 1-168-218-6179, est.arcu@Praesent.edu, Ap #350-267 Neque Ave, Hearst, Malta, 93537
Amy, Gray, 1-805-527-7196, ultrices@ornareFuscemollis.com, Ap #364-5824 Ac Av., Sint-Martens-Bodegem, Denmark, P6H 2X0
Selma, Herrera, 1-429-329-3884, auctor@liberoProinsed.org, "Ap #582-1890 Convallis, St.", Gander, Guinea, 8016
Amethyst, Webster, 1-146-140-9305, Proin@euismodmauris.com, "P.O. Box 824, 664 Fermentum Road", Lawton, Libya, 3721
Kaseem, Brock, 1-191-195-0655, adipiscing.elit@velarcuCurabitur.ca, 347-146 Mauris Rd., Dera Bugti, Central African Republic, 60819
Julian, Bolton, 1-297-547-2549, amet.diam.eu@dolor.com, "P.O. Box 271, 351 Nostra, St.", Froidchapelle, Antarctica, 59375-53278
Sydnee, Spencer, 1-454-190-2084, sit.amet.dapibus@dolorvitae.org, 8471 Malesuada St., Curanilahue, Maldives, 833631
Brianna, Allen, 1-554-495-5583, nec.ante@pedeet.edu, "P.O. Box 163, 8994 Porttitor Ave", Buzet, "Saint Helena, Ascension and Tristan da Cunha", 71129
Dolan, Mcmillan, 1-375-946-9036, nonummy.ac@Phaselluslibero.edu, "P.O. Box 261, 758 Vivamus Ave", Vallepietra, Malta, X7 0KI
Dominic, Turner, 1-437-242-7738, ut.lacus.Nulla@egestasrhoncusProin.com, 736-1968 Ante Road, Königs Wusterhausen, Equatorial Guinea, 98874-746
Samantha, Moss, 1-336-703-8984, Duis@Morbivehicula.co.uk, "1321 Nec, Rd.", Zeebrugge, Cuba, 80739
Cailin, Williams, 1-374-961-5099, odio.Aliquam.vulputate@necorciDonec.co.uk, "P.O. Box 635, 9629 Quis Av.", Enines, Ethiopia, 12684
Isaac, Sandoval, 1-778-301-8593, Aenean@sollicitudinamalesuada.net, "P.O. Box 187, 2472 Luctus Street", Canora, United States Minor Outlying Islands, 6488
Marcia, Woods, 1-980-109-7436, ac@feugiat.edu, 420 Metus Avenue, Rostock, Bahrain, 59435
Jonah, Park, 1-801-611-9158, Integer.mollis.Integer@Etiambibendum.ca, 4239 Risus. Rd., Parndorf, Saudi Arabia, 3573
Oprah, Irwin, 1-270-758-8734, Suspendisse@aliquet.com, 1310 Dolor Ave, Pocatello, Denmark, 7584 VF
Unity, Oneill, 1-455-260-2563, vitae.erat.vel@orci.org, Ap #516-5990 Maecenas Rd., Mont-Sainte-Genevive, French Guiana, 60710
Shelly, Bean, 1-534-162-1694, feugiat.placerat@augueeutellus.co.uk, Ap #137-6087 Suspendisse Rd., Créteil, Poland, 7840 ZZ
Jerome, Mccall, 1-837-712-6376, Donec@eunibhvulputate.ca, 1211 Vitae Rd., Reutov, Bhutan, 38454-73791
Wylie, Pollard, 1-616-592-2570, Mauris.ut.quam@idmagnaet.edu, "Ap #179-5998 Erat, Avenue", Wilmont, Qatar, 590554
Kirestin, Alston, 1-755-502-6670, cursus.et@cursus.net, "P.O. Box 149, 102 Eros Road", Hulst, Italy, 7083
Hoyt, Blair, 1-363-767-7951, vel@acmattis.ca, "P.O. Box 967, 3990 Sit Av.", Candela, Saint Pierre and Miquelon, 787749
Tatiana, Poole, 1-512-983-9320, congue.elit.sed@congueturpisIn.net, 2499 Pellentesque Rd., Tulln an der Donau, Tunisia, O0T 6ZU
Whilemina, Ruiz, 1-820-210-6113, purus.in@mollis.edu, "P.O. Box 368, 6965 Lacus Av.", Palmira, Afghanistan, 4897 DY
Otto, Norton, 1-845-416-0155, diam.Sed@sociosquadlitora.co.uk, 8551 Donec St., Prince Albert, Sweden, 77030
Lisandra, Daniels, 1-984-165-9186, ac@ultriciessem.edu, Ap #182-4722 Lacus. Road, Villanovafranca, Panama, 137576
Garrett, Emerson, 1-504-719-8013, ante.Vivamus.non@at.com, 7060 Cubilia Street, Mont-Sainte-Genevive, Algeria, 66-137
Cruz, Gamble, 1-638-297-7264, Quisque.libero.lacus@ultriciesligulaNullam.net, 479-7220 Lacus. St., Fort Smith, "Virgin Islands, United States", Z8788
Illiana, Sellers, 1-767-707-1012, eu.nulla.at@elitEtiam.co.uk, "P.O. Box 244, 9950 Tortor Av.", Borghetto di Borbera, Belgium, 2738
Nomlanga, Casey, 1-304-567-2771, adipiscing.enim.mi@faucibuslectus.edu, Ap #653-2488 Elementum St., Ahrensburg, Slovakia, 70654
Scott, Waters, 1-319-309-3720, et.libero.Proin@id.ca, 678-5779 Gravida. St., Carcassonne, Senegal, XS6X 0VY
Tobias, Pickett, 1-280-220-5292, purus@atauctorullamcorper.org, "Ap #638-913 Suscipit, Ave", Zeya, Ecuador, 62747
Rashad, Miller, 1-851-930-0884, non.luctus@urna.co.uk, "P.O. Box 447, 9522 Amet, Rd.", Perchtoldsdorf, Svalbard and Jan Mayen Islands, 97406
Zane, Smith, 1-595-719-2858, consequat.lectus.sit@acmattisvelit.edu, Ap #887-1960 Neque Avenue, Wambeek, Austria, 0774 KP
Hilary, Buck, 1-415-884-5986, neque.vitae@nonenimMauris.co.uk, "P.O. Box 313, 9668 Enim. Rd.", Tacoma, Gambia, 53075-125
Nehru, Mathews, 1-223-946-4514, orci.Ut@magna.org, 4137 Porttitor Rd., Pratovecchio, Turkey, 78019-77831
Denton, Jarvis, 1-181-378-1673, mauris.Morbi.non@ametconsectetueradipiscing.org, "P.O. Box 909, 2819 A Street", Campobasso, Guyana, 728848
Kameko, Doyle, 1-841-145-8968, pede.Cras.vulputate@Donec.net, 1702 Mus. Road, Macquenoise, Colombia, 16835-12946
Julian, Mann, 1-182-468-1295, pede.Praesent@massaQuisque.org, 374-3579 Phasellus Rd., Piringen, Philippines, 27366
Rebecca, Mclean, 1-864-101-7423, dolor.Quisque@ligulaDonec.org, 8542 Nulla Avenue, Dehri, Honduras, 91515-133
Ian, Stokes, 1-897-198-1787, libero.Proin@lectusNullam.com, 835-167 Integer Avenue, Kanpur, Gibraltar, 97617
Troy, Bentley, 1-443-841-8998, egestas.Fusce.aliquet@Nunclaoreetlectus.org, 2173 Aenean Rd., Emden, Guinea-Bissau, 59769
Ariana, Smith, 1-755-711-0459, ante.dictum.mi@ipsumnonarcu.co.uk, "P.O. Box 493, 2535 Elit Avenue", Shipshaw, Italy, 6461
Yardley, Thompson, 1-230-375-7680, magna@purus.edu, "244-4313 Eu, Rd.", Kayseri, Israel, 48300
Louis, Short, 1-981-804-8609, eget.odio.Aliquam@velmaurisInteger.com, 1728 Vestibulum St., Vergnies, Chad, 83095-88593
Ruby, Nolan, 1-821-948-3676, turpis.In@fringilla.com, "P.O. Box 853, 4180 Diam Ave", Santa Croce sull'Arno, Chile, 627953
Lavinia, Morin, 1-943-720-3280, nonummy.Fusce@feugiatnon.edu, "P.O. Box 255, 3507 Molestie Avenue", Viano, Finland, 0060 VP
Scott, Fowler, 1-726-561-7906, sodales@vel.co.uk, 2853 Nonummy St., Ponoka, Bolivia, 78901